game,character_id,character_name
t8,18,Alisa
t8,11,Asuka
t8,29,Azucena
t8,7,Bryan
t8,19,Claudio
t8,12,Devil Jin
t8,15,Dragunov
t8,13,Feng
t8,4,Hwoarang
t8,10,Jack
t8,6,Jin
t8,27,Jun
t8,8,Kazuya
t8,2,King
t8,23,Kuma
t8,17,Lars
t8,1,Law
t8,22,Lee
t8,16,Leo
t8,26,Leroy
t8,14,Lili
t8,21,Nina
t8,24,Panda
t8,0,Paul
t8,31,Raven
t8,28,Reina
t8,20,Shaheen
t8,9,Steve
t8,30,Victor
t8,5,Xiaoyu
t8,3,Yoshimitsu
t8,25,Zafina
t7,19,Alisa
t7,12,Asuka
t7,31,Bob
t7,7,Bryan
t7,20,Claudio
t7,13,Devil Jin
t7,16,Dragunov
t7,35,Eddy
t7,14,Feng
t7,25,Gigas
t7,8,Heihachi
t7,4,Hwoarang
t7,11,Jack
t7,6,Jin
t7,24,Josie
t7,21,Katarina
t7,26,Kazumi
t7,9,Kazuya
t7,2,King
t7,33,Kuma
t7,18,Lars
t7,1,Law
t7,30,Lee
t7,17,Leo
t7,15,Lili
t7,22,Lucky Chloe
t7,29,Raven
t7,37,Miguel
t7,28,Nina
t7,34,Panda
t7,0,Paul
t7,23,Shaheen
t7,10,Steve
t7,5,Xiaoyu
t7,3,Yoshimitsu
t7,32,Akuma